onset	duration	sample	value
11.1455078125	n/a	11414	3111
11.1455078125	n/a	11414	1211
11.1455078125	n/a	11414	3200
11.1455078125	n/a	11414	3310
11.1455078125	n/a	11414	4230
21.369140625	n/a	21883	4210
29.6142578125	n/a	30326	1111
31.248046875	n/a	31999	4311
31.3681640625	n/a	32122	1112
33.89453125	n/a	34709	4312
41.7978515625	n/a	42802	1111
43.3828125	n/a	44425	4311
43.501953125	n/a	44547	1112
46.6845703125	n/a	47806	4312
53.787109375	n/a	55079	1111
55.3408203125	n/a	56670	4311
55.4619140625	n/a	56794	1112
56.3955078125	n/a	57750	4312
60.166015625	n/a	61611	3200
65.1728515625	n/a	66738	1111
66.5869140625	n/a	68186	4311
66.6884765625	n/a	68290	1112
68.552734375	n/a	70199	4312
76.7041015625	n/a	78546	4230
77.408203125	n/a	79267	1111
78.5068359375	n/a	80392	4210
78.6767578125	n/a	80566	4311
78.7666015625	n/a	80658	1112
79.6669921875	n/a	81580	4312
87.1650390625	n/a	89258	1111
88.6845703125	n/a	90814	4311
88.794921875	n/a	90927	1112
89.7548828125	n/a	91910	4312
97.3525390625	n/a	99690	1121
98.8310546875	n/a	101204	4311
98.94140625	n/a	101317	1122
99.791015625	n/a	102187	4230
99.9619140625	n/a	102362	3200
100.5615234375	n/a	102976	4210
101.7216796875	n/a	104164	4312
107.6689453125	n/a	110254	1111
107.7490234375	n/a	110336	1112
118.2275390625	n/a	121066	1121
119.646484375	n/a	122519	4311
119.74609375	n/a	122621	1122
120.56640625	n/a	123461	4230
120.99609375	n/a	123901	4210
123.78515625	n/a	126757	4312
129.2138671875	n/a	132316	1111
130.763671875	n/a	133903	4311
130.8837890625	n/a	134026	1112
134.54296875	n/a	137773	4312
139.8115234375	n/a	143168	3200
140.9306640625	n/a	144314	1111
142.220703125	n/a	145635	4311
142.310546875	n/a	145727	1112
143.3212890625	n/a	146762	4312
151.76953125	n/a	155413	1121
153.1396484375	n/a	156816	4311
153.16015625	n/a	156837	4230
153.23828125	n/a	156917	1122
155.138671875	n/a	158863	4210
155.3486328125	n/a	159078	4312
163.16796875	n/a	167085	1121
164.5478515625	n/a	168498	4311
164.6474609375	n/a	168600	1122
168.63671875	n/a	172685	4312
174.8564453125	n/a	179054	1111
176.1953125	n/a	180425	4311
176.294921875	n/a	180527	1112
178.275390625	n/a	182555	4312
179.7138671875	n/a	184028	3200
189.0830078125	n/a	193622	1111
190.36328125	n/a	194933	4311
190.453125	n/a	195025	1112
192.822265625	n/a	197451	4312
199.060546875	n/a	203839	1111
200.5302734375	n/a	205344	4311
200.6396484375	n/a	205456	1112
204.4296875	n/a	209337	4312
209.517578125	n/a	214547	1111
211.328125	n/a	216401	4311
211.4677734375	n/a	216544	1112
216.546875	n/a	221745	4312
220.826171875	n/a	226127	1111
222.375	n/a	227713	4311
222.4951171875	n/a	227836	1112
223.4951171875	n/a	228860	4312
230.6220703125	n/a	236158	1121
232.1220703125	n/a	237694	4311
232.22265625	n/a	237797	4230
232.232421875	n/a	237807	1122
234.28125	n/a	239905	4210
234.28125	n/a	239905	4312
242.8486328125	n/a	248678	3200
245.205078125	n/a	251091	1121
246.548828125	n/a	252467	4311
246.6494140625	n/a	252570	1122
248.125	n/a	254081	4312
257.03125	n/a	263201	1111
258.2666015625	n/a	264466	4311
258.3564453125	n/a	264558	1112
263.28125	n/a	269601	4312
269.3212890625	n/a	275786	1121
270.5859375	n/a	277081	4311
270.6767578125	n/a	277174	1122
271.779296875	n/a	278303	4312
281.04296875	n/a	287789	1111
282.3681640625	n/a	289146	4311
282.4677734375	n/a	289248	1112
283.380859375	n/a	290183	4312
291.6474609375	n/a	298648	1111
293.1728515625	n/a	300210	4311
293.283203125	n/a	300323	1112
294.3662109375	n/a	301432	3200
296.8935546875	n/a	304020	4312
303.88671875	n/a	311181	1121
304.9990234375	n/a	312320	4230
305.029296875	n/a	312351	4311
305.109375	n/a	312433	1122
306.5458984375	n/a	313904	4210
308.677734375	n/a	316087	4312
317.2939453125	n/a	324910	1121
318.728515625	n/a	326379	4311
318.8388671875	n/a	326492	1122
322.0390625	n/a	329769	4312
328.6103515625	n/a	336498	1121
330.044921875	n/a	337967	4311
330.1552734375	n/a	338080	1122
332.501953125	n/a	340483	4312
335.5419921875	n/a	343596	3200
339.34375	n/a	347489	1121
340.7392578125	n/a	348918	4311
340.8388671875	n/a	349020	1122
341.931640625	n/a	350139	4312
350.3544921875	n/a	358764	1121
351.458984375	n/a	359895	4311
351.5390625	n/a	359977	1122
352.501953125	n/a	360963	4312
363.572265625	n/a	372299	1121
364.775390625	n/a	373531	4311
364.8662109375	n/a	373624	1122
365.8291015625	n/a	374610	4312
374.376953125	n/a	383363	1121
375.931640625	n/a	384955	4311
376.041015625	n/a	385067	3200
376.052734375	n/a	385079	1122
381.2880859375	n/a	390440	4312
388.1005859375	n/a	397416	1121
389.4541015625	n/a	398802	4311
389.5537109375	n/a	398904	1122
390.6279296875	n/a	400004	4312
399.7666015625	n/a	409362	1121
400.740234375	n/a	410359	4311
400.8095703125	n/a	410430	1122
401.8349609375	n/a	411480	4312
409.306640625	n/a	419131	1111
410.65234375	n/a	420509	4311
410.75390625	n/a	420613	1112
412.6484375	n/a	422553	4312
416.4208984375	n/a	426416	3200
420.212890625	n/a	430299	1111
421.9384765625	n/a	432066	4311
422.068359375	n/a	432199	1112
425.439453125	n/a	435651	4312
432.953125	n/a	443345	1121
434.107421875	n/a	444527	4230
434.27734375	n/a	444701	4311
434.3779296875	n/a	444804	1122
436.18359375	n/a	446653	4210
438.7216796875	n/a	449252	4312
447.228515625	n/a	457963	1111
448.6630859375	n/a	459432	4311
448.7734375	n/a	459545	1112
451.7734375	n/a	462617	4312
456.7890625	n/a	467753	3200
457.2705078125	n/a	468246	1111
458.705078125	n/a	469715	4311
458.8154296875	n/a	469828	1112
459.8701171875	n/a	470908	4312
467.484375	n/a	478705	1121
468.8173828125	n/a	480070	4311
468.9189453125	n/a	480174	1122
469.2099609375	n/a	480472	4230
470.4326171875	n/a	481724	4210
471.0263671875	n/a	482332	4312
478.2392578125	n/a	489718	1121
479.5625	n/a	491073	4311
479.6630859375	n/a	491176	1122
480.8369140625	n/a	492378	4312
489.072265625	n/a	500811	1121
490.4677734375	n/a	502240	4311
490.5673828125	n/a	502342	1122
491.541015625	n/a	503339	4312
496.63671875	n/a	508557	3200
498.7236328125	n/a	510694	1111
500.4697265625	n/a	512482	4311
500.599609375	n/a	512615	1112
502.8662109375	n/a	514936	4312
508.755859375	n/a	520967	1111
510.189453125	n/a	522435	4311
510.2998046875	n/a	522548	1112
511.18359375	n/a	523453	4312
520.2021484375	n/a	532688	1111
521.7666015625	n/a	534290	4311
521.88671875	n/a	534413	1112
523.0107421875	n/a	535564	4312
530.767578125	n/a	543507	1121
532.1181640625	n/a	544890	4230
532.177734375	n/a	544951	4311
532.2783203125	n/a	545054	1122
534.4765625	n/a	547305	4210
536.4365234375	n/a	549312	3200
536.88671875	n/a	549773	4312
542.6748046875	n/a	555700	1121
544.21484375	n/a	557277	4311
544.3251953125	n/a	557390	1122
545.4150390625	n/a	558506	4312
552.3828125	n/a	565641	1111
553.642578125	n/a	566931	4311
553.732421875	n/a	567023	1112
555.8115234375	n/a	569152	4312
563.9296875	n/a	577465	1121
565.3291015625	n/a	578898	4311
565.4296875	n/a	579001	1122
569.71875	n/a	583393	4312
574.7373046875	n/a	588532	1111
575.8564453125	n/a	589678	4311
575.9365234375	n/a	589760	1112
576.1162109375	n/a	589944	3200
577.0859375	n/a	590937	4312
587.2939453125	n/a	601390	1111
588.763671875	n/a	602895	4311
588.873046875	n/a	603007	1112
589.873046875	n/a	604031	4312
597.640625	n/a	611985	1111
599.041015625	n/a	613419	4311
599.140625	n/a	613521	1112
601.3095703125	n/a	615742	4312
608.2998046875	n/a	622900	1121
609.529296875	n/a	624159	4311
609.619140625	n/a	624251	1122
609.6591796875	n/a	624292	4230
611.30859375	n/a	625981	4210
611.30859375	n/a	625981	4312
615.8076171875	n/a	630588	3200
618.1962890625	n/a	633034	1111
619.376953125	n/a	634243	4311
619.45703125	n/a	634325	1112
620.3173828125	n/a	635206	4312
628.28515625	n/a	643365	1111
629.2451171875	n/a	644348	1112
637.2333984375	n/a	652528	1212
710.3349609375	n/a	727384	1211
718.7734375	n/a	736025	1111
720.0537109375	n/a	737336	4311
720.1435546875	n/a	737428	1112
721.0927734375	n/a	738400	4312
729.4609375	n/a	746969	1111
730.810546875	n/a	748351	4311
730.91015625	n/a	748453	1112
732.4599609375	n/a	750040	4312
740.8076171875	n/a	758588	1111
742.1982421875	n/a	760012	4311
742.2978515625	n/a	760114	1112
743.4970703125	n/a	761342	4312
748.7958984375	n/a	766768	3200
749.3564453125	n/a	767342	4230
754.9755859375	n/a	773096	4210
759.8447265625	n/a	778082	4230
760.4736328125	n/a	778726	1111
761.103515625	n/a	779371	4210
761.9541015625	n/a	780242	4311
762.0634765625	n/a	780354	1112
763.203125	n/a	781521	4312
766.392578125	n/a	784787	4230
784.658203125	n/a	803491	4210
785.6572265625	n/a	804514	1121
787.107421875	n/a	805999	4230
787.2470703125	n/a	806142	4311
787.3671875	n/a	806265	1122
788.537109375	n/a	807463	3200
789.576171875	n/a	808527	4210
792.99609375	n/a	812029	4312
798.0244140625	n/a	817178	1121
799.3037109375	n/a	818488	4311
799.39453125	n/a	818581	1122
802.1328125	n/a	821385	4312
807.6123046875	n/a	826996	1111
809.01171875	n/a	828429	4311
809.1123046875	n/a	828532	1112
813.0908203125	n/a	832606	4312
817.490234375	n/a	837111	1111
818.990234375	n/a	838647	4311
819.099609375	n/a	838759	1112
820.2392578125	n/a	839926	4312
827.638671875	n/a	847503	1121
828.6484375	n/a	848537	3200
828.8984375	n/a	848793	4311
828.98828125	n/a	848885	4230
828.98828125	n/a	848885	1122
830.9384765625	n/a	850882	4210
831.30859375	n/a	851261	4312
840.455078125	n/a	860627	1121
841.9951171875	n/a	862204	4311
842.10546875	n/a	862317	1122
842.255859375	n/a	862471	4230
844.1455078125	n/a	864406	4210
845.935546875	n/a	866239	4312
850.224609375	n/a	870631	1111
851.4541015625	n/a	871890	4311
851.5439453125	n/a	871982	1112
852.474609375	n/a	872935	4312
859.83203125	n/a	880469	1111
861.232421875	n/a	881903	4311
861.3310546875	n/a	882004	1112
863.03125	n/a	883745	4312
869.1103515625	n/a	889970	3200
871.359375	n/a	892273	1121
872.5693359375	n/a	893512	4311
872.619140625	n/a	893563	4230
872.6591796875	n/a	893604	1122
874.5283203125	n/a	895518	4210
876.1181640625	n/a	897146	4312
882.7353515625	n/a	903922	1111
884.0556640625	n/a	905274	4311
884.15625	n/a	905377	1112
887.654296875	n/a	908959	4312
893.763671875	n/a	915215	1121
894.8427734375	n/a	916320	4311
894.9228515625	n/a	916402	1122
895.873046875	n/a	917375	4312
907.109375	n/a	928881	1111
908.529296875	n/a	930335	4311
908.6298828125	n/a	930438	1112
908.7490234375	n/a	930560	3200
910.7294921875	n/a	932588	4312
916.697265625	n/a	938699	1121
918.4072265625	n/a	940450	4311
918.537109375	n/a	940583	1122
922.826171875	n/a	944975	4312
926.7255859375	n/a	948968	1111
928.0341796875	n/a	950308	4311
928.1337890625	n/a	950410	1112
929.314453125	n/a	951619	4312
938.29296875	n/a	960813	1121
939.703125	n/a	962257	4311
939.802734375	n/a	962359	1122
941.7021484375	n/a	964304	4312
948.9609375	n/a	971737	1111
950.51953125	n/a	973333	4311
950.6396484375	n/a	973456	1112
951.8896484375	n/a	974736	4312
960.1376953125	n/a	983182	1121
961.3974609375	n/a	984472	4311
961.4873046875	n/a	984564	1122
962.5966796875	n/a	985700	4312
971.5654296875	n/a	994884	1111
972.115234375	n/a	995447	3200
973.326171875	n/a	996687	4311
973.4560546875	n/a	996820	1112
974.4365234375	n/a	997824	4312
984.11328125	n/a	1007733	1121
985.693359375	n/a	1009351	4311
985.8134765625	n/a	1009474	1122
990.001953125	n/a	1013763	4312
995.8017578125	n/a	1019702	1121
997.30078125	n/a	1021237	4311
997.4111328125	n/a	1021350	1122
999.951171875	n/a	1023951	4312
1008.8203125	n/a	1033033	1111
1010.228515625	n/a	1034475	4311
1010.3291015625	n/a	1034578	1112
1013.5576171875	n/a	1037884	4312
1018.3974609375	n/a	1042840	1121
1019.748046875	n/a	1044223	4311
1019.84765625	n/a	1044325	1122
1021.908203125	n/a	1046435	4312
1025.0966796875	n/a	1049700	3200
1028.076171875	n/a	1052751	1111
1029.63671875	n/a	1054349	4311
1029.7568359375	n/a	1054472	1112
1032.765625	n/a	1057553	4312
1038.154296875	n/a	1063071	1121
1039.4638671875	n/a	1064412	4311
1039.5634765625	n/a	1064514	1122
1043.9228515625	n/a	1068978	4312
1048.12109375	n/a	1073277	1111
1049.3212890625	n/a	1074506	4311
1049.4111328125	n/a	1074598	1112
1053.0703125	n/a	1078345	4312
1057.71875	n/a	1083105	1121
1059.0888671875	n/a	1084508	4311
1059.189453125	n/a	1084611	1122
1061.0478515625	n/a	1086514	4312
1064.6572265625	n/a	1090210	3200
1070.7861328125	n/a	1096486	1121
1072.2158203125	n/a	1097950	4311
1072.326171875	n/a	1098063	1122
1073.6044921875	n/a	1099372	4312
1084.5029296875	n/a	1110532	1111
1085.822265625	n/a	1111883	4311
1085.921875	n/a	1111985	1112
1089.73046875	n/a	1115885	4312
1096.26953125	n/a	1122581	1121
1097.4482421875	n/a	1123788	4311
1097.5283203125	n/a	1123870	1122
1098.478515625	n/a	1124843	4312
1104.6376953125	n/a	1131150	3200
1106.88671875	n/a	1133453	1121
1108.1162109375	n/a	1134712	4311
1108.2060546875	n/a	1134804	1122
1109.40625	n/a	1136033	4312
1117.39453125	n/a	1144213	1121
1118.61328125	n/a	1145461	4311
1118.703125	n/a	1145553	1122
1119.59375	n/a	1146465	4312
1129.3115234375	n/a	1156416	1111
1130.7900390625	n/a	1157930	4311
1130.900390625	n/a	1158043	1112
1131.330078125	n/a	1158483	4220
1131.8701171875	n/a	1159036	4210
1134.4697265625	n/a	1161698	4312
1142.517578125	n/a	1169939	1121
1143.77734375	n/a	1171229	4311
1143.8671875	n/a	1171321	1122
1144.296875	n/a	1171761	3200
1144.4873046875	n/a	1171956	4230
1144.8466796875	n/a	1172324	4210
1146.9169921875	n/a	1174444	4312
1153.734375	n/a	1181425	1111
1154.865234375	n/a	1182583	4311
1154.9443359375	n/a	1182664	1112
1156.0634765625	n/a	1183810	4312
1164.5615234375	n/a	1192512	1111
1165.7919921875	n/a	1193772	4311
1165.8818359375	n/a	1193864	1112
1166.7216796875	n/a	1194724	4312
1174.9326171875	n/a	1203132	1121
1176.1337890625	n/a	1204362	4311
1176.2236328125	n/a	1204454	1122
1176.9462890625	n/a	1205194	4230
1177.3076171875	n/a	1205564	4210
1180.24609375	n/a	1208573	4312
1184.029296875	n/a	1212447	3200
1185.443359375	n/a	1213895	1111
1186.8173828125	n/a	1215302	4311
1186.9169921875	n/a	1215404	1112
1190.4501953125	n/a	1219022	4312
1195.244140625	n/a	1223931	1111
1196.609375	n/a	1225329	4311
1196.708984375	n/a	1225431	1112
1200.8330078125	n/a	1229654	4312
1208.8779296875	n/a	1237892	1121
1209.7919921875	n/a	1238828	4311
1209.8515625	n/a	1238889	1122
1210.6240234375	n/a	1239680	4312
1218.5986328125	n/a	1247846	1111
1219.833984375	n/a	1249111	4311
1219.923828125	n/a	1249203	1112
1220.6357421875	n/a	1249932	4312
1223.8671875	n/a	1253241	3200
1228.5009765625	n/a	1257986	1121
1229.845703125	n/a	1259363	4311
1229.9462890625	n/a	1259466	1122
1233.1796875	n/a	1262777	4312
1239.650390625	n/a	1269403	1111
1240.7138671875	n/a	1270492	4311
1240.783203125	n/a	1270563	1112
1241.515625	n/a	1271313	4312
1250.623046875	n/a	1280639	1121
1252.0546875	n/a	1282105	4311
1252.1650390625	n/a	1282218	1122
1253.1982421875	n/a	1283276	4312
1261.4248046875	n/a	1291700	1121
1262.8095703125	n/a	1293118	4311
1262.9091796875	n/a	1293220	1122
1263.671875	n/a	1294001	3200
1263.9423828125	n/a	1294278	4312
1272.353515625	n/a	1302891	1111
1273.69921875	n/a	1304269	4311
1273.7998046875	n/a	1304372	1112
1274.2412109375	n/a	1304824	4220
1274.521484375	n/a	1305111	4210
1276.8388671875	n/a	1307484	4312
1285.837890625	n/a	1316699	1111
1287.1513671875	n/a	1318044	4311
1287.251953125	n/a	1318147	1112
1288.044921875	n/a	1318959	4312
1297.9462890625	n/a	1329098	1121
1299.1298828125	n/a	1330310	4311
1299.2099609375	n/a	1330392	1122
1300.1435546875	n/a	1331348	4312
1303.484375	n/a	1334769	3200
1310.9072265625	n/a	1342370	1111
1312.673828125	n/a	1344179	4311
1312.8046875	n/a	1344313	1112
1313.2353515625	n/a	1344754	4220
1314.099609375	n/a	1345639	4210
1317.0771484375	n/a	1348688	4312
1322.6650390625	n/a	1354410	1121
1324.2001953125	n/a	1355982	4311
1324.310546875	n/a	1356095	1122
1333.560546875	n/a	1365567	1212
1395.0419921875	n/a	1428524	4312
1425.12890625	n/a	1459333	1211
1429.6318359375	n/a	1463944	1111
1430.6650390625	n/a	1465002	4311
1430.734375	n/a	1465073	1112
1432.9638671875	n/a	1467356	4312
1439.4521484375	n/a	1474000	1121
1440.9482421875	n/a	1475532	4311
1441.0576171875	n/a	1475644	1122
1442.2421875	n/a	1476857	4312
1450.626953125	n/a	1485443	1121
1451.83203125	n/a	1486677	4311
1451.921875	n/a	1486769	1122
1453.06640625	n/a	1487941	3200
1453.578125	n/a	1488465	4312
1461.904296875	n/a	1496991	1111
1463.2080078125	n/a	1498326	4311
1463.298828125	n/a	1498419	1112
1464.43359375	n/a	1499581	4312
1472.02734375	n/a	1507357	1121
1473.380859375	n/a	1508743	4311
1473.482421875	n/a	1508847	1122
1473.873046875	n/a	1509247	4230
1474.6552734375	n/a	1510048	4210
1476.962890625	n/a	1512411	4312
1484.3056640625	n/a	1519930	1111
1485.66015625	n/a	1521317	4311
1485.7607421875	n/a	1521420	1112
1486.7734375	n/a	1522457	4312
1493.615234375	n/a	1529463	3200
1495.5830078125	n/a	1531478	1111
1497.0966796875	n/a	1533028	4311
1497.2080078125	n/a	1533142	1112
1499.1826171875	n/a	1535164	4312
1506.4462890625	n/a	1542602	1111
1507.810546875	n/a	1543999	4311
1507.91015625	n/a	1544101	1112
1508.9658203125	n/a	1545182	4312
1518.5693359375	n/a	1555016	1121
1519.79296875	n/a	1556269	4311
1519.8232421875	n/a	1556300	4230
1519.8828125	n/a	1556361	1122
1522.240234375	n/a	1558775	4210
1522.30078125	n/a	1558837	4312
1531.048828125	n/a	1567795	1121
1532.4033203125	n/a	1569182	4311
1532.5029296875	n/a	1569284	1122
1533.59765625	n/a	1570405	4312
1534.0	n/a	1570817	3200
1540.75	n/a	1577729	1111
1541.9541015625	n/a	1578962	4311
1542.0458984375	n/a	1579056	1112
1543.078125	n/a	1580113	4312
1551.6748046875	n/a	1588916	1111
1553.2412109375	n/a	1590520	4311
1553.3603515625	n/a	1590642	1112
1554.654296875	n/a	1591967	4312
1563.2822265625	n/a	1600802	1121
1564.626953125	n/a	1602179	4311
1564.7275390625	n/a	1602282	1122
1564.77734375	n/a	1602333	4230
1566.6123046875	n/a	1604212	4210
1567.166015625	n/a	1604779	4312
1573.6455078125	n/a	1611414	1121
1573.9267578125	n/a	1611702	3200
1575.0302734375	n/a	1612832	4311
1575.130859375	n/a	1612935	1122
1577.748046875	n/a	1615615	4312
1584.5	n/a	1622529	1111
1585.89453125	n/a	1623957	4311
1585.994140625	n/a	1624059	1112
1590.02734375	n/a	1628189	4312
1594.1708984375	n/a	1632432	1111
1595.615234375	n/a	1633911	4311
1595.7275390625	n/a	1634026	1112
1596.7587890625	n/a	1635082	4312
1603.8466796875	n/a	1642340	1111
1605.341796875	n/a	1643871	4311
1605.453125	n/a	1643985	1112
1606.505859375	n/a	1645063	4312
1614.1787109375	n/a	1652920	3200
1615.736328125	n/a	1654515	1111
1616.9697265625	n/a	1655778	4311
1617.0595703125	n/a	1655870	1112
1617.9619140625	n/a	1656794	4312
1625.91796875	n/a	1664941	1121
1627.19140625	n/a	1666245	4311
1627.28125	n/a	1666337	1122
1627.89453125	n/a	1666965	4230
1628.5966796875	n/a	1667684	4210
1629.5185546875	n/a	1668628	4312
1636.390625	n/a	1675665	1111
1637.78515625	n/a	1677093	4311
1637.88671875	n/a	1677197	1112
1638.859375	n/a	1678193	4312
1646.4033203125	n/a	1685918	1111
1647.77734375	n/a	1687325	4311
1647.876953125	n/a	1687427	1112
1648.9208984375	n/a	1688496	4312
1654.2783203125	n/a	1693982	3200
1657.6484375	n/a	1697433	1121
1658.9326171875	n/a	1698748	4311
1659.0234375	n/a	1698841	1122
1660.45703125	n/a	1700309	4312
1667.3701171875	n/a	1707388	1111
1668.5927734375	n/a	1708640	4311
1668.685546875	n/a	1708735	1112
1670.7001953125	n/a	1710798	4312
1679.1982421875	n/a	1719500	1121
1680.7919921875	n/a	1721132	4311
1680.9130859375	n/a	1721256	1122
1683.33203125	n/a	1723733	4312
1690.423828125	n/a	1730995	1111
1691.8984375	n/a	1732505	4311
1692.0087890625	n/a	1732618	1112
1694.626953125	n/a	1735299	4312
1704.056640625	n/a	1744955	1111
1705.37109375	n/a	1746301	4311
1705.4716796875	n/a	1746404	1112
1706.5341796875	n/a	1747492	4312
1715.6845703125	n/a	1756862	1111
1717.1279296875	n/a	1758340	4311
1717.2392578125	n/a	1758454	3200
1717.2392578125	n/a	1758454	1112
1718.091796875	n/a	1759327	4312
1727.7421875	n/a	1769209	1111
1729.177734375	n/a	1770679	4311
1729.287109375	n/a	1770791	1112
1730.2412109375	n/a	1771768	4312
1739.921875	n/a	1781681	1121
1741.3271484375	n/a	1783120	4311
1741.4267578125	n/a	1783222	1122
1742.5595703125	n/a	1784382	4312
1749.923828125	n/a	1791923	1121
1751.3076171875	n/a	1793340	4311
1751.4091796875	n/a	1793444	1122
1752.3818359375	n/a	1794440	4312
1762.072265625	n/a	1804363	1111
1763.5771484375	n/a	1805904	4311
1763.6875	n/a	1806017	1112
1765.9345703125	n/a	1808318	4312
1769.8173828125	n/a	1812294	3200
1771.75390625	n/a	1814277	1121
1772.9970703125	n/a	1815550	4311
1773.087890625	n/a	1815643	1122
1773.1171875	n/a	1815673	4230
1774.6728515625	n/a	1817266	4210
1776.6181640625	n/a	1819258	4312
1783.400390625	n/a	1826203	1121
1784.7353515625	n/a	1827570	4311
1784.8349609375	n/a	1827672	1122
1789.33984375	n/a	1832285	4312
1793.6630859375	n/a	1836712	1121
1794.947265625	n/a	1838027	4311
1795.0380859375	n/a	1838120	1122
1795.990234375	n/a	1839095	4312
1804.015625	n/a	1847313	1121
1805.470703125	n/a	1848803	4311
1805.5810546875	n/a	1848916	1122
1806.5146484375	n/a	1849872	4312
1810.427734375	n/a	1853879	3200
1814.1474609375	n/a	1857688	1121
1815.380859375	n/a	1858951	4311
1815.470703125	n/a	1859043	1122
1816.4912109375	n/a	1860088	4312
1823.865234375	n/a	1867639	1121
1825.2587890625	n/a	1869066	4311
1825.359375	n/a	1869169	1122
1828.2587890625	n/a	1872138	4312
1836.0234375	n/a	1880089	1111
1837.248046875	n/a	1881343	4311
1837.337890625	n/a	1881435	1112
1838.5419921875	n/a	1882668	4312
1845.8046875	n/a	1890105	1111
1847.16796875	n/a	1891501	4311
1847.2685546875	n/a	1891604	1112
1848.3623046875	n/a	1892724	4312
1851.091796875	n/a	1895519	3200
1856.76953125	n/a	1901333	1121
1858.2236328125	n/a	1902822	4311
1858.333984375	n/a	1902935	1122
1858.787109375	n/a	1903399	4230
1859.69921875	n/a	1904333	4210
1860.16015625	n/a	1904805	4312
1867.2421875	n/a	1912057	1111
1868.49609375	n/a	1913341	4311
1868.587890625	n/a	1913435	1112
1869.6787109375	n/a	1914552	4312
1878.9189453125	n/a	1924014	1111
1880.3046875	n/a	1925433	4311
1880.4052734375	n/a	1925536	1112
1881.5791015625	n/a	1926738	4312
1890.1494140625	n/a	1935514	1121
1890.982421875	n/a	1936367	3200
1891.6845703125	n/a	1937086	4311
1891.7958984375	n/a	1937200	1122
1892.669921875	n/a	1938095	4230
1893.2919921875	n/a	1938732	4210
1896.9326171875	n/a	1942460	4312
1900.5537109375	n/a	1946168	1121
1902.21875	n/a	1947873	4311
1902.3388671875	n/a	1947996	1122
1906.1513671875	n/a	1951900	4312
1913.8876953125	n/a	1959822	1121
1915.2412109375	n/a	1961208	4311
1915.341796875	n/a	1961311	1122
1917.9404296875	n/a	1963972	4312
1926.52734375	n/a	1972765	1111
1927.8115234375	n/a	1974080	4311
1927.9013671875	n/a	1974172	1112
1930.1484375	n/a	1976473	4312
1931.0224609375	n/a	1977368	3200
1937.6728515625	n/a	1984178	1111
1939.2265625	n/a	1985769	4311
1939.34765625	n/a	1985893	1112
1942.3984375	n/a	1989017	4312
1950.54296875	n/a	1997357	1121
1952.208984375	n/a	1999063	4311
1952.228515625	n/a	1999083	4230
1952.330078125	n/a	1999187	1122
1954.1552734375	n/a	2001056	4210
1957.205078125	n/a	2004179	4312
1963.32421875	n/a	2010445	1121
1964.6591796875	n/a	2011812	4311
1964.759765625	n/a	2011915	1122
1965.7919921875	n/a	2012972	4312
1971.029296875	n/a	2018335	3200
1975.1220703125	n/a	2022526	1111
1976.546875	n/a	2023985	4311
1976.646484375	n/a	2024087	1112
1980.4296875	n/a	2027961	4312
1985.4140625	n/a	2033065	1111
1986.7890625	n/a	2034473	4311
1986.8896484375	n/a	2034576	1112
1987.802734375	n/a	2035511	4312
1995.818359375	n/a	2043719	1121
1997.001953125	n/a	2044931	4311
1997.08203125	n/a	2045013	1122
2000.4130859375	n/a	2048424	4312
2006.1171875	n/a	2054265	1121
2007.541015625	n/a	2055723	4311
2007.640625	n/a	2055825	1122
2008.814453125	n/a	2057027	4312
2011.171875	n/a	2059441	3200
2016.0888671875	n/a	2064476	1121
2017.431640625	n/a	2065851	4311
2017.533203125	n/a	2065955	1122
2018.6259765625	n/a	2067074	4312
2027.3701171875	n/a	2076028	1111
2028.552734375	n/a	2077239	4311
2028.6337890625	n/a	2077322	1112
2031.0908203125	n/a	2079838	4312
2039.056640625	n/a	2087995	1111
2040.9482421875	n/a	2089932	1112
2048.83203125	n/a	2098005	1212
2129.1123046875	n/a	2180212	1211
2139.3955078125	n/a	2190742	1111
2140.9296875	n/a	2192313	4311
2141.0400390625	n/a	2192426	1112
2141.943359375	n/a	2193351	4312
2150.0185546875	n/a	2201620	3200
2152.1162109375	n/a	2203768	1111
2153.6123046875	n/a	2205300	4311
2153.7216796875	n/a	2205412	1112
2157.2314453125	n/a	2209006	4312
2165.388671875	n/a	2217359	1121
2166.4921875	n/a	2218489	4311
2166.572265625	n/a	2218571	1122
2166.923828125	n/a	2218931	4230
2167.5859375	n/a	2219609	4210
2168.6689453125	n/a	2220718	4312
2176.4638671875	n/a	2228700	1111
2177.5673828125	n/a	2229830	4311
2177.6474609375	n/a	2229912	1112
2178.400390625	n/a	2230683	4312
2189.6826171875	n/a	2242236	3200
2191.31640625	n/a	2243909	1111
2192.0986328125	n/a	2244710	4311
2192.1484375	n/a	2244761	1112
2193.2021484375	n/a	2245840	4312
2201.98046875	n/a	2254829	1111
2203.1943359375	n/a	2256072	4311
2203.2841796875	n/a	2256164	1112
2204.34765625	n/a	2257253	4312
2212.5400390625	n/a	2265642	1111
2214.0341796875	n/a	2267172	4311
2214.1435546875	n/a	2267284	1112
2217.8759765625	n/a	2271106	4312
2222.8115234375	n/a	2276160	1111
2224.0361328125	n/a	2277414	4311
2224.126953125	n/a	2277507	1112
2225.5712890625	n/a	2278986	4312
2229.71484375	n/a	2283229	3200
2232.6337890625	n/a	2286218	1121
2233.927734375	n/a	2287543	4311
2234.017578125	n/a	2287635	1122
2234.0576171875	n/a	2287676	4230
2235.642578125	n/a	2289299	4210
2236.3857421875	n/a	2290060	4312
2242.3544921875	n/a	2296172	1111
2243.7880859375	n/a	2297640	4311
2243.8994140625	n/a	2297754	1112
2245.2431640625	n/a	2299130	4312
2254.0810546875	n/a	2308180	1111
2255.486328125	n/a	2309619	4311
2255.5859375	n/a	2309721	1112
2256.619140625	n/a	2310779	4312
2266.7724609375	n/a	2321176	1121
2268.2177734375	n/a	2322656	4311
2268.328125	n/a	2322769	1122
2269.3310546875	n/a	2323796	4312
2270.1533203125	n/a	2324638	3200
2278.51953125	n/a	2333205	1121
2279.84375	n/a	2334561	4311
2279.9453125	n/a	2334665	1122
2281.0888671875	n/a	2335836	4312
2288.8837890625	n/a	2343818	1111
2290.0263671875	n/a	2344988	4311
2290.1064453125	n/a	2345070	1112
2293.0654296875	n/a	2348100	4312
2299.20703125	n/a	2354389	1111
2300.62109375	n/a	2355837	4311
2300.7216796875	n/a	2355940	1112
2301.884765625	n/a	2357131	4312
2310.4111328125	n/a	2365862	1121
2310.6826171875	n/a	2366140	3200
2311.765625	n/a	2367249	4311
2311.8662109375	n/a	2367352	1122
2312.48828125	n/a	2367989	4230
2312.7197265625	n/a	2368226	4210
2315.8583984375	n/a	2371440	4312
2321.7275390625	n/a	2377450	1121
2323.3837890625	n/a	2379146	4311
2323.5029296875	n/a	2379268	1122
2325.4599609375	n/a	2381272	4312
2334.3779296875	n/a	2390404	1111
2335.8330078125	n/a	2391894	4311
2335.943359375	n/a	2392007	1112
2338.1806640625	n/a	2394298	4312
2345.8154296875	n/a	2402116	1121
2347.2998046875	n/a	2403636	4311
2347.41015625	n/a	2403749	1122
2347.822265625	n/a	2404171	4230
2348.814453125	n/a	2405187	4210
2348.814453125	n/a	2405187	4312
2350.51953125	n/a	2406933	3200
2356.279296875	n/a	2412831	1121
2357.623046875	n/a	2414207	4311
2357.72265625	n/a	2414309	1122
2362.3212890625	n/a	2419018	4312
2369.142578125	n/a	2426003	1121
2370.5576171875	n/a	2427452	4311
2370.658203125	n/a	2427555	1122
2371.8515625	n/a	2428777	4312
2379.486328125	n/a	2436595	1121
2380.900390625	n/a	2438043	4311
2381.0	n/a	2438145	1122
2382.07421875	n/a	2439245	4312
2390.6025390625	n/a	2447978	3200
2392.005859375	n/a	2449415	1121
2393.2802734375	n/a	2450720	4311
2393.3701171875	n/a	2450812	1122
2394.4443359375	n/a	2451912	4312
2405.5087890625	n/a	2463242	1121
2406.97265625	n/a	2464741	4311
2407.0830078125	n/a	2464854	1122
2408.369140625	n/a	2466171	4312
2416.9169921875	n/a	2474924	1121
2418.451171875	n/a	2476495	4311
2418.560546875	n/a	2476607	1122
2420.17578125	n/a	2478261	4312
2427.87109375	n/a	2486141	1111
2429.5859375	n/a	2487897	4311
2429.716796875	n/a	2488031	1112
2434.2509765625	n/a	2492674	4312
2441.1171875	n/a	2499705	1111
2443.013671875	n/a	2501647	4311
2443.154296875	n/a	2501791	1112
2444.1474609375	n/a	2502808	4312
2453.9736328125	n/a	2512870	1121
2454.8662109375	n/a	2513784	3200
2455.376953125	n/a	2514307	4311
2455.478515625	n/a	2514411	1122
2456.671875	n/a	2515633	4312
2465.380859375	n/a	2524551	1121
2465.873046875	n/a	2525055	4311
2465.9033203125	n/a	2525086	1122
2466.32421875	n/a	2525517	4312
2478.3017578125	n/a	2537782	1121
2479.5048828125	n/a	2539014	4311
2479.595703125	n/a	2539107	1122
2480.5087890625	n/a	2540042	4312
2487.8125	n/a	2547521	1121
2488.9462890625	n/a	2548682	4311
2489.025390625	n/a	2548763	1122
2489.837890625	n/a	2549595	4312
2497.181640625	n/a	2557115	1121
2498.5263671875	n/a	2558492	4311
2498.626953125	n/a	2558595	1122
2499.599609375	n/a	2559591	4312
2506.75390625	n/a	2566917	1121
2506.9736328125	n/a	2567142	3200
2508.298828125	n/a	2568499	4311
2508.408203125	n/a	2568611	1122
2509.41015625	n/a	2569637	4312
2518.2392578125	n/a	2578678	1121
2519.453125	n/a	2579921	4311
2519.54296875	n/a	2580013	1122
2520.4052734375	n/a	2580896	4312
2528.79296875	n/a	2589485	1121
2530.2568359375	n/a	2590984	4311
2530.3671875	n/a	2591097	1122
2531.4404296875	n/a	2592196	4312
2541.4130859375	n/a	2602408	1121
2542.8076171875	n/a	2603836	4311
2542.908203125	n/a	2603939	1122
2544.091796875	n/a	2605151	4312
2547.3115234375	n/a	2608448	3200
2551.3662109375	n/a	2612600	1111
2552.9521484375	n/a	2614224	4311
2553.072265625	n/a	2614347	1112
2554.4453125	n/a	2615753	4312
2564.587890625	n/a	2626139	1111
2565.900390625	n/a	2627483	4311
2566.001953125	n/a	2627587	1112
2567.0146484375	n/a	2628624	4312
2578.1103515625	n/a	2639986	1121
2579.6650390625	n/a	2641578	4311
2579.78515625	n/a	2641701	1122
2579.8955078125	n/a	2641814	4230
2581.4912109375	n/a	2643448	4210
2583.7783203125	n/a	2645790	4312
2588.453125	n/a	2650577	3200
2590.0595703125	n/a	2652222	1111
2591.3837890625	n/a	2653578	4311
2591.4833984375	n/a	2653680	1112
2592.52734375	n/a	2654749	4312
2600.341796875	n/a	2662751	1111
2602.2080078125	n/a	2664662	4311
2602.34765625	n/a	2664805	1112
2605.7294921875	n/a	2668268	4312
2611.376953125	n/a	2674051	1121
2612.630859375	n/a	2675335	4311
2612.720703125	n/a	2675427	1122
2612.810546875	n/a	2675519	4230
2614.5771484375	n/a	2677328	4210
2615.2587890625	n/a	2678026	4312
2622.33203125	n/a	2685269	1121
2623.755859375	n/a	2686727	4311
2623.8564453125	n/a	2686830	1122
2624.9296875	n/a	2687929	4312
2629.3095703125	n/a	2692414	3200
2635.7998046875	n/a	2699060	1111
2637.1845703125	n/a	2700478	4311
2637.2841796875	n/a	2700580	1112
2638.3076171875	n/a	2701628	4312
2649.82421875	n/a	2713421	1121
2650.2958984375	n/a	2713904	4230
2651.2392578125	n/a	2714870	4311
2651.33984375	n/a	2714973	1122
2653.7177734375	n/a	2717408	4210
2655.47265625	n/a	2719205	4312
2663.1474609375	n/a	2727064	1111
2664.3515625	n/a	2728297	4311
2664.44140625	n/a	2728389	1112
2667.4609375	n/a	2731481	4312
2669.84765625	n/a	2733925	3200
2673.30859375	n/a	2737469	1111
2674.814453125	n/a	2739011	4311
2674.9248046875	n/a	2739124	1112
2677.7041015625	n/a	2741970	4312
2686.3505859375	n/a	2750824	1121
2687.615234375	n/a	2752119	4230
2687.6748046875	n/a	2752180	4311
2687.775390625	n/a	2752283	1122
2689.62109375	n/a	2754173	4210
2692.37109375	n/a	2756989	4312
2698.05859375	n/a	2762813	1111
2699.3408203125	n/a	2764126	4311
2699.4306640625	n/a	2764218	1112
2699.521484375	n/a	2764311	4220
2700.71484375	n/a	2765533	4210
2703.74609375	n/a	2768637	4312
2710.0654296875	n/a	2775108	3200
2711.7412109375	n/a	2776824	1111
2713.2353515625	n/a	2778354	4311
2713.345703125	n/a	2778467	1112
2715.4228515625	n/a	2780594	4312
2722.224609375	n/a	2787559	1111
2723.5283203125	n/a	2788894	4311
2723.619140625	n/a	2788987	1112
2724.6123046875	n/a	2790004	4312
2731.91015625	n/a	2797477	1111
2733.2744140625	n/a	2798874	4311
2733.3740234375	n/a	2798976	1112
2734.568359375	n/a	2800199	4312
2750.8603515625	n/a	2816882	1212
2837.986328125	n/a	2906099	1211
2851.1484375	n/a	2919577	1111
2852.2138671875	n/a	2920668	4311
2852.283203125	n/a	2920739	1112
2853.2763671875	n/a	2921756	4312
2857.1279296875	n/a	2925700	3200
2861.2802734375	n/a	2929952	1111
2862.4560546875	n/a	2931156	4311
2862.5361328125	n/a	2931238	1112
2863.4482421875	n/a	2932172	4312
2870.953125	n/a	2939857	1111
2872.2470703125	n/a	2941182	4311
2872.3369140625	n/a	2941274	1112
2873.3603515625	n/a	2942322	4312
2880.9990234375	n/a	2950144	1121
2882.29296875	n/a	2951469	4311
2882.3828125	n/a	2951561	1122
2882.7744140625	n/a	2951962	4230
2883.556640625	n/a	2952763	4210
2884.1884765625	n/a	2953410	4312
2890.8896484375	n/a	2960272	1111
2892.21484375	n/a	2961629	4311
2892.314453125	n/a	2961731	1112
2896.5888671875	n/a	2966108	3200
2897.431640625	n/a	2966971	4312
2902.66796875	n/a	2972333	1111
2903.97265625	n/a	2973669	4311
2904.0625	n/a	2973761	1112
2904.994140625	n/a	2974715	4312
2912.8408203125	n/a	2982750	1121
2914.1748046875	n/a	2984116	4311
2914.2744140625	n/a	2984218	1122
2915.6591796875	n/a	2985636	4312
2925.4619140625	n/a	2995674	1121
2926.9150390625	n/a	2997162	4311
2927.025390625	n/a	2997275	1122
2931.791015625	n/a	3002155	4312
2935.3828125	n/a	3005833	1111
2936.8173828125	n/a	3007302	3200
2936.857421875	n/a	3007343	4311
2936.9677734375	n/a	3007456	1112
2938.1611328125	n/a	3008678	4312
2945.4853515625	n/a	3016178	1121
2946.9091796875	n/a	3017636	4311
2947.009765625	n/a	3017739	1122
2952.408203125	n/a	3023267	4312
2955.6982421875	n/a	3026636	1111
2957.1513671875	n/a	3028124	4311
2957.26171875	n/a	3028237	1112
2958.4619140625	n/a	3029466	4312
2970.5595703125	n/a	3041854	1111
2971.68359375	n/a	3043005	4311
2971.763671875	n/a	3043087	1112
2972.546875	n/a	3043889	4312
2977.0595703125	n/a	3048510	3200
2980.79296875	n/a	3052333	1111
2982.1865234375	n/a	3053760	4311
2982.2861328125	n/a	3053862	1112
2983.400390625	n/a	3055003	4312
2991.5458984375	n/a	3063344	1111
2992.7802734375	n/a	3064608	4311
2992.8701171875	n/a	3064700	1112
2993.8037109375	n/a	3065656	4312
3001.1572265625	n/a	3073186	1111
3002.5419921875	n/a	3074604	4311
3002.642578125	n/a	3074707	1112
3002.732421875	n/a	3074799	4220
3003.85546875	n/a	3075949	4210
3006.90625	n/a	3079073	4312
3010.7578125	n/a	3083017	1111
3012.0625	n/a	3084353	4311
3012.15234375	n/a	3084445	1112
3013.31640625	n/a	3085637	4312
3017.0078125	n/a	3089417	3200
3021.9091796875	n/a	3094436	1121
3023.203125	n/a	3095761	4311
3023.2939453125	n/a	3095854	1122
3024.3466796875	n/a	3096932	4312
3033.0947265625	n/a	3105890	1121
3034.408203125	n/a	3107235	4311
3034.509765625	n/a	3107339	1122
3035.72265625	n/a	3108581	4312
3043.3076171875	n/a	3116348	1111
3044.501953125	n/a	3117571	4311
3044.591796875	n/a	3117663	1112
3048.232421875	n/a	3121391	4312
3055.2177734375	n/a	3128544	1121
3056.783203125	n/a	3130147	4311
3056.9033203125	n/a	3130270	1122
3057.1748046875	n/a	3130548	3200
3059.3017578125	n/a	3132726	4312
3065.3916015625	n/a	3138962	1121
3066.865234375	n/a	3140471	4311
3066.9765625	n/a	3140585	1122
3070.134765625	n/a	3143819	4312
3078.4521484375	n/a	3152336	1111
3079.6767578125	n/a	3153590	4311
3079.7666015625	n/a	3153682	1112
3080.8203125	n/a	3154761	4312
3089.8388671875	n/a	3163996	1121
3091.513671875	n/a	3165711	4311
3091.64453125	n/a	3165845	1122
3092.2060546875	n/a	3166420	4230
3092.8876953125	n/a	3167118	4210
3093.9423828125	n/a	3168198	4312
3096.4599609375	n/a	3170776	3200
3104.7314453125	n/a	3179246	1121
3106.0244140625	n/a	3180570	4311
3106.115234375	n/a	3180663	1122
3107.078125	n/a	3181649	4312
3115.013671875	n/a	3189775	1121
3116.2578125	n/a	3191049	4311
3116.3486328125	n/a	3191142	1122
3117.3203125	n/a	3192137	4312
3125.4072265625	n/a	3200418	1111
3126.9208984375	n/a	3201968	4311
3127.0322265625	n/a	3202082	1112
3128.24609375	n/a	3203325	4312
3135.51953125	n/a	3210773	1121
3136.5322265625	n/a	3211810	3200
3136.6630859375	n/a	3211944	4311
3136.7431640625	n/a	3212026	1122
3137.98828125	n/a	3213301	4312
3147.0712890625	n/a	3222602	1121
3148.404296875	n/a	3223967	4311
3148.5048828125	n/a	3224070	1122
3149.6484375	n/a	3225241	4312
3157.302734375	n/a	3233079	1111
3158.7568359375	n/a	3234568	4311
3158.8681640625	n/a	3234682	1112
3161.8466796875	n/a	3237732	4312
3167.8359375	n/a	3243865	1111
3169.1611328125	n/a	3245222	4311
3169.2607421875	n/a	3245324	1112
3171.3076171875	n/a	3247420	4312
3182.4033203125	n/a	3258782	1121
3183.9072265625	n/a	3260322	4311
3184.0185546875	n/a	3260436	1122
3184.4990234375	n/a	3260928	4230
3185.1611328125	n/a	3261606	4210
3189.2041015625	n/a	3265746	4312
3192.7666015625	n/a	3269394	1121
3194.0302734375	n/a	3270688	4311
3194.1201171875	n/a	3270780	1122
3195.1240234375	n/a	3271808	4312
3199.98828125	n/a	3276789	3200
3204.7138671875	n/a	3281628	1111
3206.1787109375	n/a	3283128	4311
3206.2890625	n/a	3283241	1112
3208.5556640625	n/a	3285562	4312
3215.8798828125	n/a	3293062	1121
3217.0927734375	n/a	3294304	4311
3217.18359375	n/a	3294397	1122
3218.1669921875	n/a	3295404	4312
3226.302734375	n/a	3303735	1111
3227.6767578125	n/a	3305142	4311
3227.7763671875	n/a	3305244	1112
3230.4267578125	n/a	3307958	4312
3237.478515625	n/a	3315179	1111
3239.0341796875	n/a	3316772	4311
3239.154296875	n/a	3316895	1112
3240.3486328125	n/a	3318118	4312
3249.431640625	n/a	3327419	1121
3250.7666015625	n/a	3328786	4311
3250.8662109375	n/a	3328888	1122
3251.919921875	n/a	3329967	4312
3253.3037109375	n/a	3331384	3200
3261.720703125	n/a	3340003	1121
3263.0361328125	n/a	3341350	4311
3263.13671875	n/a	3341453	1122
3264.099609375	n/a	3342439	4312
3275.00390625	n/a	3353605	1111
3276.3779296875	n/a	3355012	4311
3276.478515625	n/a	3355115	1112
3277.6123046875	n/a	3356276	4312
3282.185546875	n/a	3360959	4230
3286.5498046875	n/a	3365428	4210
3289.7001953125	n/a	3368654	1121
3291.03515625	n/a	3370021	4311
3291.134765625	n/a	3370123	1122
3293.533203125	n/a	3372579	3200
3294.5966796875	n/a	3373668	4312
3301.0673828125	n/a	3380294	1121
3302.2802734375	n/a	3381536	4311
3302.3720703125	n/a	3381630	1122
3303.3447265625	n/a	3382626	4312
3313.306640625	n/a	3392827	1111
3314.630859375	n/a	3394183	4311
3314.73046875	n/a	3394285	1112
3314.8203125	n/a	3394377	4220
3316.4150390625	n/a	3396010	4210
3318.7421875	n/a	3398393	4312
3322.923828125	n/a	3402675	1111
3324.205078125	n/a	3403987	4311
3324.294921875	n/a	3404079	1112
3325.3486328125	n/a	3405158	4312
3332.7470703125	n/a	3412734	1121
3333.349609375	n/a	3413351	3200
3333.982421875	n/a	3413999	4311
3334.072265625	n/a	3414091	1122
3337.962890625	n/a	3418075	4312
3344.365234375	n/a	3424631	1121
3345.7392578125	n/a	3426038	4311
3345.8388671875	n/a	3426140	1122
3352.1796875	n/a	3432633	4312
3355.138671875	n/a	3435663	1111
3356.5224609375	n/a	3437080	4311
3356.623046875	n/a	3437183	1112
3358.830078125	n/a	3439443	4312
3366.0439453125	n/a	3446830	1111
3367.41796875	n/a	3448237	4311
3367.517578125	n/a	3448339	1112
3368.591796875	n/a	3449439	4312
3373.1953125	n/a	3454153	3200
3375.6435546875	n/a	3456660	1111
3377.0478515625	n/a	3458098	4311
3377.1474609375	n/a	3458200	1112
3378.171875	n/a	3459249	4312
3386.8896484375	n/a	3468176	1121
3388.2431640625	n/a	3469562	4311
3388.34375	n/a	3469665	1122
3389.4384765625	n/a	3470786	4312
3400.162109375	n/a	3481767	1121
3401.607421875	n/a	3483247	4311
3401.716796875	n/a	3483359	1122
3402.759765625	n/a	3484427	4312
3409.8583984375	n/a	3491696	1111
3411.2734375	n/a	3493145	4311
3411.3427734375	n/a	3493216	4220
3411.373046875	n/a	3493247	1112
3412.666015625	n/a	3494571	4210
3413.0166015625	n/a	3494930	3200
3415.3759765625	n/a	3497346	4312
3421.3740234375	n/a	3503488	1111
3422.73828125	n/a	3504885	4311
3422.83984375	n/a	3504989	1112
3423.9326171875	n/a	3506108	4312
3433.7451171875	n/a	3516156	1111
3434.9287109375	n/a	3517368	4311
3435.0087890625	n/a	3517450	1112
3436.1015625	n/a	3518569	4312
3443.234375	n/a	3525873	1111
3444.5087890625	n/a	3527178	4311
3444.5986328125	n/a	3527270	1112
3445.48046875	n/a	3528173	4312
3461.6435546875	n/a	3544724	1212
3553.48046875	n/a	3638765	1211
3561.1044921875	n/a	3646572	3200
3561.966796875	n/a	3647455	1111
3562.048828125	n/a	3647539	1112
3571.396484375	n/a	3657111	1111
3572.5712890625	n/a	3658314	4311
3572.6513671875	n/a	3658396	1112
3575.7412109375	n/a	3661560	4312
3582.0107421875	n/a	3667980	1111
3583.326171875	n/a	3669327	4311
3583.4267578125	n/a	3669430	1112
3584.3896484375	n/a	3670416	4312
3591.6123046875	n/a	3677812	1111
3592.9560546875	n/a	3679188	4311
3593.056640625	n/a	3679291	1112
3594.0849609375	n/a	3680344	4312
3603.5537109375	n/a	3690040	3200
3604.748046875	n/a	3691263	1121
3606.1318359375	n/a	3692680	4311
3606.232421875	n/a	3692783	1122
3606.875	n/a	3693441	4230
3608.0087890625	n/a	3694602	4210
3608.0087890625	n/a	3694602	4312
3615.33203125	n/a	3702101	1121
3616.73828125	n/a	3703541	4311
3616.837890625	n/a	3703643	1122
3617.83984375	n/a	3704669	4312
3626.517578125	n/a	3713555	1111
3628.1826171875	n/a	3715260	4311
3628.3037109375	n/a	3715384	1112
3629.287109375	n/a	3716391	4312
3638.56640625	n/a	3725893	1111
3640.060546875	n/a	3727423	4311
3640.171875	n/a	3727537	1112
3641.125	n/a	3728513	4312
3645.6494140625	n/a	3733146	3200
3649.435546875	n/a	3737023	1111
3650.9013671875	n/a	3738524	4311
3651.01171875	n/a	3738637	1112
3651.984375	n/a	3739633	4312
3659.298828125	n/a	3747123	1111
3660.662109375	n/a	3748519	4311
3660.7626953125	n/a	3748622	1112
3661.826171875	n/a	3749711	4312
3668.8876953125	n/a	3756942	1121
3670.263671875	n/a	3758351	4311
3670.36328125	n/a	3758453	1122
3671.505859375	n/a	3759623	4312
3678.5283203125	n/a	3766814	1121
3679.8837890625	n/a	3768202	4311
3679.984375	n/a	3768305	1122
3681.037109375	n/a	3769383	4312
3686.1025390625	n/a	3774570	3200
3688.1884765625	n/a	3776706	1121
3689.7353515625	n/a	3778290	4311
3689.845703125	n/a	3778403	1122
3691.2099609375	n/a	3779800	4312
3699.927734375	n/a	3788727	1121
3701.552734375	n/a	3790391	4311
3701.673828125	n/a	3790515	1122
3702.6455078125	n/a	3791510	4312
3710.751953125	n/a	3799811	1111
3712.20703125	n/a	3801301	4311
3712.31640625	n/a	3801413	1112
3713.4501953125	n/a	3802574	4312
3723.5625	n/a	3812929	1111
3724.90625	n/a	3814305	4311
3725.0068359375	n/a	3814408	1112
3726.4326171875	n/a	3815868	3200
3726.7431640625	n/a	3816186	4312
3733.654296875	n/a	3823263	1111
3735.1015625	n/a	3824745	4311
3735.2109375	n/a	3824857	1112
3736.224609375	n/a	3825895	4312
3744.51953125	n/a	3834389	1121
3745.955078125	n/a	3835859	4311
3746.0654296875	n/a	3835972	1122
3746.3564453125	n/a	3836270	4230
3747.6396484375	n/a	3837584	4210
3748.5732421875	n/a	3838540	4312
3754.7939453125	n/a	3844910	1121
3756.328125	n/a	3846481	4311
3756.4384765625	n/a	3846594	1122
3757.4423828125	n/a	3847622	4312
3766.5849609375	n/a	3856984	1111
3766.6044921875	n/a	3857004	3200
3768.080078125	n/a	3858515	4311
3768.1904296875	n/a	3858628	1112
3771.8828125	n/a	3862409	4312
3776.748046875	n/a	3867391	1111
3778.021484375	n/a	3868695	4311
3778.111328125	n/a	3868787	1112
3779.005859375	n/a	3869703	4312
3787.521484375	n/a	3878423	1111
3788.81640625	n/a	3879749	4311
3788.9072265625	n/a	3879842	1112
3789.830078125	n/a	3880787	4312
3800.2119140625	n/a	3891418	1111
3801.5673828125	n/a	3892806	4311
3801.6669921875	n/a	3892908	1112
3802.6904296875	n/a	3893956	4312
3806.7236328125	n/a	3898086	3200
3810.3857421875	n/a	3901836	1111
3811.8203125	n/a	3903305	4311
3811.9296875	n/a	3903417	1112
3812.962890625	n/a	3904475	4312
3821.0185546875	n/a	3912724	4230
3821.1796875	n/a	3912889	1121
3822.5244140625	n/a	3914266	4311
3822.6240234375	n/a	3914368	1122
3824.599609375	n/a	3916391	4210
3826.77734375	n/a	3918621	4312
3834.412109375	n/a	3926439	1121
3835.85546875	n/a	3927917	4311
3835.9677734375	n/a	3928032	1122
3837.0703125	n/a	3929161	4312
3845.2158203125	n/a	3937502	1111
3846.5517578125	n/a	3938870	4311
3846.6513671875	n/a	3938972	1112
3847.0830078125	n/a	3939414	3200
3849.7001953125	n/a	3942094	4312
3856.1123046875	n/a	3948660	1121
3857.63671875	n/a	3950221	4311
3857.74609375	n/a	3950333	1122
3857.806640625	n/a	3950395	4230
3860.0029296875	n/a	3952644	4210
3860.0029296875	n/a	3952644	4312
3869.7939453125	n/a	3962670	1121
3871.119140625	n/a	3964027	4311
3871.21875	n/a	3964129	1122
3872.1123046875	n/a	3965044	4312
3880.6689453125	n/a	3973806	1111
3882.0849609375	n/a	3975256	4311
3882.1845703125	n/a	3975358	1112
3883.2666015625	n/a	3976466	4312
3887.291015625	n/a	3980587	3200
3890.2802734375	n/a	3983648	1121
3891.7646484375	n/a	3985168	4311
3891.8759765625	n/a	3985282	1122
3892.15625	n/a	3985569	4230
3894.9052734375	n/a	3988384	4312
3902.07421875	n/a	3995725	1111
3903.2568359375	n/a	3996936	4311
3903.3369140625	n/a	3997018	1112
3904.3310546875	n/a	3998036	4312
3912.6865234375	n/a	4006592	1111
3914.2021484375	n/a	4008144	4311
3914.3125	n/a	4008257	1112
3915.435546875	n/a	4009407	4312
3923.0751953125	n/a	4017230	1111
3924.4296875	n/a	4018617	4311
3924.5302734375	n/a	4018720	1112
3925.443359375	n/a	4019655	4312
3934.4716796875	n/a	4028900	1121
3936.0166015625	n/a	4030482	4311
3936.126953125	n/a	4030595	1122
3938.11328125	n/a	4032629	4312
3948.65625	n/a	4043425	1111
3950.232421875	n/a	4045039	4311
3950.3515625	n/a	4045161	1112
3951.3759765625	n/a	4046210	4312
3952.119140625	n/a	4046971	3200
3961.1171875	n/a	4056185	1111
3962.51171875	n/a	4057613	4311
3962.6123046875	n/a	4057716	1112
3963.474609375	n/a	4058599	4312
3970.978515625	n/a	4066283	1121
3972.392578125	n/a	4067731	4311
3972.494140625	n/a	4067835	1122
3973.537109375	n/a	4068903	4312
3980.693359375	n/a	4076231	1121
3981.91796875	n/a	4077485	4311
3982.0087890625	n/a	4077578	1122
3983.0810546875	n/a	4078676	4312
3991.6787109375	n/a	4087480	1121
3992.90234375	n/a	4088733	4311
3992.9931640625	n/a	4088826	1122
3993.9853515625	n/a	4089842	4312
4001.2392578125	n/a	4097270	1121
4002.8642578125	n/a	4098934	4311
4002.984375	n/a	4099057	1122
4003.95703125	n/a	4100053	4312
4006.40625	n/a	4102561	3200
4013.4072265625	n/a	4109730	1121
4014.783203125	n/a	4111139	4311
4014.8828125	n/a	4111241	1122
4015.8662109375	n/a	4112248	4312
4024.29296875	n/a	4120877	1111
4025.857421875	n/a	4122479	4311
4025.9775390625	n/a	4122602	1112
4026.9521484375	n/a	4123600	4312
4036.1318359375	n/a	4133000	1111
4037.4443359375	n/a	4134344	4311
4037.5458984375	n/a	4134448	1112
4038.5888671875	n/a	4135516	4312
4046.5439453125	n/a	4143662	1121
4046.654296875	n/a	4143775	3200
4047.748046875	n/a	4144895	4311
4047.837890625	n/a	4144987	1122
4048.8603515625	n/a	4146034	4312
4056.81640625	n/a	4154181	1121
4058.130859375	n/a	4155527	4311
4058.23046875	n/a	4155629	1122
4060.06640625	n/a	4157509	4312
4069.0556640625	n/a	4166714	1121
4070.458984375	n/a	4168151	4311
4070.560546875	n/a	4168255	1122
4073.7314453125	n/a	4171502	4312
4079.9697265625	n/a	4177890	1121
4081.205078125	n/a	4179155	4311
4081.2939453125	n/a	4179246	1122
4082.2978515625	n/a	4180274	4312
4086.76171875	n/a	4184845	3200
4092.2099609375	n/a	4190424	1111
4093.603515625	n/a	4191851	4311
4093.705078125	n/a	4191955	1112
4094.908203125	n/a	4193187	4312
4105.5419921875	n/a	4204076	1111
4106.796875	n/a	4205361	4311
4106.88671875	n/a	4205453	1112
4107.83984375	n/a	4206429	4312
4116.6171875	n/a	4215417	1121
4117.931640625	n/a	4216763	4311
4118.03125	n/a	4216865	1122
4121.623046875	n/a	4220543	4312
4127.181640625	n/a	4226235	3200
4129.8798828125	n/a	4228998	1121
4131.333984375	n/a	4230487	4311
4131.4453125	n/a	4230601	1122
4132.3984375	n/a	4231577	4312
4141.45703125	n/a	4240853	1111
4142.55078125	n/a	4241973	4311
4142.630859375	n/a	4242055	1112
4143.43359375	n/a	4242877	4312
4153.35546875	n/a	4253037	1121
4154.8203125	n/a	4254537	4311
4154.9306640625	n/a	4254650	1122
4156.04296875	n/a	4255789	4312
4162.916015625	n/a	4262827	1212
4162.916015625	n/a	4262827	3112
4163.3515625	n/a	4263273	1111
4164.5263671875	n/a	4264476	4311
4164.6083984375	n/a	4264560	1112
4167.474609375	n/a	4267495	3200
4169.1806640625	n/a	4269242	4312
